<?xml version="1.0" encoding="UTF-8"?>

<ValueSet xmlns="http://hl7.org/fhir">
  <id value="FCContextActivityVS"/>
  <text>
    <status value="generated"/><div xmlns="http://www.w3.org/1999/xhtml"><p class="res-header-id"><b>Generated Narrative: ValueSet FCContextActivityVS</b></p><a name="FCContextActivityVS"> </a><a name="hcFCContextActivityVS"> </a><a name="FCContextActivityVS-en-US"> </a><ul><li>Include all codes defined in <a href="CodeSystem-FCContextActivityCS.html"><code>http://hl7belgium.org/fhir/patient-monitoring/CodeSystem/FCContextActivityCS</code></a></li></ul></div>
  </text>
  <url value="http://hl7belgium.org/fhir/patient-monitoring/ValueSet/FCContextActivityVS"/>
  <version value="0.1.0"/>
  <name value="FCContextActivityVS"/>
  <title value="Context Activity Value Set"/>
  <status value="active"/>
  <experimental value="false"/>
  <date value="2024-10-23T09:12:19+00:00"/>
  <publisher value="My Organization"/>
  <contact>
    <name value="My Organization"/>
    <telecom>
      <system value="url"/>
      <value value="http://example.com/committees"/>
    </telecom>
    <telecom>
      <system value="email"/>
      <value value="my-group@example.com"/>
    </telecom>
  </contact>
  <contact>
    <name value="Bob Smith"/>
    <telecom>
      <system value="email"/>
      <value value="bobsmith@example.com"/>
      <use value="work"/>
    </telecom>
  </contact>
  <description value="Codes representing the"/>
  <jurisdiction>
    <coding>
      <system value="urn:iso:std:iso:3166"/>
      <code value="BE"/>
      <display value="Belgium"/>
    </coding>
  </jurisdiction>
  <compose>
    <include>
      <system value="http://hl7belgium.org/fhir/patient-monitoring/CodeSystem/FCContextActivityCS"/>
    </include>
  </compose>
</ValueSet>